,name,count,grams,kcal,sugar,fibre,carb_kcal,protein_kcal,fat_kcal,salt,sodium,category,extra_category,lactose
2209,"Multigrain Bread, Bread Roll, Tuhti-Moniviljasämpylä, Katri Antell",1,440.0,1080.0191204588914,6.6000000000000005,13.2,813.1200000000001,156.64,122.76000000000002,4484.480000000001,1760.0000000000002,Multigrain Bread,,0.8800000000000001
3838,Turkey Breast,1,290.0,353.48948374760994,0.0,0.0,0.0,296.96,52.2,251.14,98.6,Turkey Breast,,0.0
2726,"Pork-Vegetable Puree, Average, Industrial Babyfood",1,200.0,145.31548757170168,3.0,1.4,67.2,24.0,54.0,152.6,59.8,Pork-Vegetable Puree,pork,0.8
3794,"Tofu, Soft, Soya Product",1,170.0,139.3642447418738,1.02,0.51,10.88,55.08,73.44,30.26,11.9,Tofu,tofu,0.0
2514,"Pasta, Multigrain, Boiled Without Salt",1,100.0,108.26959847036328,0.3,1.5,79.2,18.0,7.2,4.1,1.6,Pasta,pasta,0.0
3526,"Soya Mince, White Or Dark, Boiled Without Salt",1,60.0,76.434034416826,1.7999999999999998,3.42,19.2,45.12,4.859999999999999,2.94,1.14,Soya Mince,,0.0
1017,"Cream, Low-Fat, 25% Fat",1,30.0,75.78871892925429,0.8999999999999999,0.0,3.6,1.56,72.89999999999998,26.76,10.5,Cream,,0.8999999999999999
