,name,count,grams,kcal,sugar,fibre,carb_kcal,protein_kcal,fat_kcal,salt,sodium,category,extra_category,lactose
2582,Pike,1,500.0,405.11472275334603,0.0,0.0,0.0,380.0,18.0,298.0,117.0,Pike,,0.0
1352,"Fresh Pasta, Contains Egg, Boiled Without Salt",1,260.0,212.5239005736138,0.78,2.08,168.48,28.080000000000002,16.38,1017.3800000000001,399.36,Fresh Pasta,pasta,0.0
1495,"Hamburger, Chicken Burger, Mcdonald'S",1,190.0,513.1453154875717,1.9,2.8499999999999996,223.43999999999997,84.36,215.45999999999998,1667.06,654.3599999999999,Hamburger,chicken,0.0
1068,"Crispbread, Wasa Oat, Oat And Wheat Flour, Oat Flakes",1,150.0,538.121414913958,1.5,15.0,384.59999999999997,71.4,70.2,1860.4499999999998,730.2,Crispbread,,0.0
4097,"Yoghurt, Flavoured, 7% Fat",1,110.0,133.29349904397705,15.730000000000002,0.22000000000000003,62.92000000000001,12.32,69.30000000000001,100.87,39.6,Yoghurt,,3.8500000000000005
2524,"Pasta, Spaghetti, Naturally Gluten-Free, Contains Egg",1,60.0,189.57934990439767,0.0,0.0,169.2,6.24,11.88,41.699999999999996,16.38,Pasta,pasta,0.0
969,"Cod, Boiled Without Salt",1,20.0,17.447418738049713,0.0,0.0,0.0,15.680000000000001,1.62,33.580000000000005,13.180000000000001,Cod,,0.0
