,name,count,grams,kcal,sugar,fibre,carb_kcal,protein_kcal,fat_kcal,salt,sodium,category,extra_category,lactose
969,"Cod, Boiled Without Salt",1,460.0,401.29063097514336,0.0,0.0,0.0,360.64,37.26,772.3399999999999,303.14,Cod,,0.0
1351,"Fresh Pasta, Contains Egg",1,360.0,980.0191204588909,3.24,9.360000000000001,777.6,131.04,74.52,4673.88,1834.5600000000002,Fresh Pasta,pasta,0.0
1514,"Hamburger With Sausage, Without Seasonings, Grill",1,190.0,519.5028680688335,0.95,1.9,187.72,69.91999999999999,277.02,3011.88,1181.99,Hamburger With Sausage,hamburger,0.0
173,"Basil, Fresh",1,190.0,49.043977055449325,0.57,3.04,8.36,23.56,11.969999999999999,43.51,17.099999999999998,Basil,,0.0
465,Bolete,1,80.0,22.179732313575528,1.36,2.64,6.4,6.720000000000001,4.319999999999999,2.8800000000000003,1.1199999999999999,Bolete,,0.0
2728,"Porridge Flake Mix With Fibre, Nalle",1,10.0,35.61185468451243,0.19,2.7,17.28,5.5200000000000005,8.28,1.74,0.68,Porridge Flake Mix With Fibre,porridge,0.0
