,name,count,grams,kcal,sugar,fibre,carb_kcal,protein_kcal,fat_kcal,salt,sodium,category,extra_category,lactose
805,"Chicken Drumstick With Skin, Raw",1,420.0,495.8891013384321,0.0,0.0,0.0,322.56,173.88,749.2800000000001,294.0,Chicken Drumstick With Skin,chicken,0.0
2101,"Millet Porridge, Water, Salt",1,270.0,118.73804971319312,0.0,1.08,91.80000000000001,15.12,9.72,1374.8400000000001,539.73,Millet Porridge,porridge,0.0
4009,"White Bread, Wheat Roll, Water",1,260.0,620.793499043977,2.08,6.24,515.84,82.16000000000001,63.18000000000001,1259.96,494.52,White Bread,,0.0
969,"Cod, Boiled Without Salt",1,150.0,130.85564053537283,0.0,0.0,0.0,117.60000000000001,12.149999999999999,251.85000000000002,98.85000000000001,Cod,,0.0
2524,"Pasta, Spaghetti, Naturally Gluten-Free, Contains Egg",1,130.0,410.75525812619503,0.0,0.0,366.6,13.520000000000001,25.740000000000002,90.35000000000001,35.49,Pasta,pasta,0.0
960,"Cocoa Powder, Unsweetened",1,60.0,221.98852772466537,0.0,18.24,26.4,44.4,117.17999999999998,88.68,34.8,Cocoa Powder,,0.0
