,name,count,grams,kcal,sugar,fibre,carb_kcal,protein_kcal,fat_kcal,salt,sodium,category,extra_category,lactose
2209,"Multigrain Bread, Bread Roll, Tuhti-Moniviljasämpylä, Katri Antell",1,480.0,1178.2026768642447,7.199999999999999,14.399999999999999,887.0400000000001,170.88,133.92000000000002,4892.16,1920.0,Multigrain Bread,,0.96
3153,"Saithe, Oven-Baked",1,400.0,372.848948374761,0.0,0.0,0.0,326.4,43.199999999999996,5060.4,1986.0,Saithe,,0.0
3561,Spinach Boiled Without Salt,1,260.0,55.30592734225621,0.26,5.720000000000001,3.12,26.0,16.38,163.8,64.22,Spinach Boiled Without Salt,,0.0
1127,Double Hamburger,1,110.0,302.07934990439776,0.66,0.77,58.08,66.0,184.14000000000001,1154.3400000000001,453.09000000000003,Double Hamburger,hamburger,0.0
3000,"Rice And Rye Mix, Boiled Without Salt",1,20.0,27.820267686424472,0.020000000000000004,0.45999999999999996,23.52,2.72,1.0799999999999998,1.1199999999999999,0.44000000000000006,Rice And Rye Mix,rice,0.0
1013,"Crashed Rye Grain E And Rice Mix, Boiled, Salt",1,20.0,27.820267686424472,0.020000000000000004,0.45999999999999996,23.52,2.72,1.0799999999999998,198.34000000000003,77.84,Crashed Rye Grain E And Rice Mix,rice,0.0
