,name,count,grams,kcal,sugar,fibre,carb_kcal,protein_kcal,fat_kcal,salt,sodium,category,extra_category,lactose
3153,"Saithe, Oven-Baked",1,360.0,335.5640535372849,0.0,0.0,0.0,293.76,38.879999999999995,4554.36,1787.4,Saithe,,0.0
1351,"Fresh Pasta, Contains Egg",1,330.0,898.35086042065,2.9699999999999998,8.58,712.8,120.11999999999999,68.30999999999999,4284.389999999999,1681.68,Fresh Pasta,pasta,0.0
1514,"Hamburger With Sausage, Without Seasonings, Grill",1,300.0,820.267686424474,1.5,3.0,296.4,110.39999999999999,437.4,4755.6,1866.3000000000002,Hamburger With Sausage,hamburger,0.0
465,Bolete,1,60.0,16.634799235181642,1.02,1.9799999999999998,4.8,5.04,3.2399999999999998,2.16,0.84,Bolete,,0.0
534,"Breakfast Cereal, Wheat Bran Cereal, Kellogg'S All-Bran Plus",1,30.0,98.30305927342256,5.49,8.1,57.84,17.04,9.18,355.37999999999994,139.47,Breakfast Cereal,,0.0
1756,Lingonberry Jam,1,20.0,27.48565965583174,6.640000000000001,0.2,26.8,0.16000000000000003,0.5399999999999999,0.58,0.22000000000000003,Lingonberry Jam,,0.0
290,"Beetroot, Pickled",1,20.0,7.122370936902486,1.34,0.36000000000000004,5.36,0.8,0.36000000000000004,61.160000000000004,24.0,Beetroot,,0.0
